{"training/episode/reward": -7187.294051850666, "training/episode/length": 500, "_timestamp": 1719968839.8449724, "_runtime": 59705.857914447784, "_step": 7500, "_wandb": {"runtime": 60054}}